Time, Pb214, Pb214_err, Bi214, Bi214_err, Pb212, Pb212_err, Tl208, Tl208_err, K40, K40_err, Cs134, Cs134_err, Cs137, Cs137_err
2025-11-08 23:50:56,0.0,0.018304902197073997,0.0026984126984127173,0.014103891416429004,0.1103333333333333,0.027413162558914676,0.0021264367816091955,0.0014163943093313293,0.04507309941520467,0.010215553698254606,0.03222222222222222,0.009757871150139054,0.024722222222222222,0.011458441395431836
2025-11-11 05:59:18,0.04335648148148146,0.02030708815212331,0.0,0.01520364409116425,0.09155555555555554,0.02894065874155358,0.0019827586206896553,0.001430413730275825,0.05505847953216375,0.01121660446501063,0.019166666666666665,0.01090432579243918,0.015713213213213208,0.012527830213696087
2025-11-11 09:05:36,0.016805555555555556,0.021577451651042728,0.022261904761904785,0.01593188488247041,0.0,0.030149319751554618,0.00016283524904214526,0.0013341711926855872,0.00010233918128654124,0.010267894726683685,0.015555555555555555,0.011317527104146312,0.0,0.013154455761187527
2025-11-11 14:16:16,0.021041666666666667,0.020769810563994018,0.009404761904761914,0.015435691821573207,0.11155555555555555,0.029369401226362477,0.0,0.001460782927174172,0.02444444444444445,0.011616083604666044,0.020277777777777777,0.010974859036188006,0.021621621621621612,0.012560829634533479
2026-02-03 11:04:32,0.06479166666666666,0.018154111359668896,0.09210317460317462,0.014027483102358344,0.1821111111111111,0.02795057365960911,0.018218390804597702,0.0033800997766023333,0.24254385964912273,0.012752326546896234,0.00916666666666666,0.008700255424092125,0.023813813813813808,0.010861305997345253
2026-02-03 22:25:34,0.06136574074074073,0.01798830066752693,0.09845238095238096,0.014140186892737735,0.17972222222222223,0.027998291394077144,0.006532567049808429,0.002486660880157892,0.008333333333333318,0.011285905808375752,0.025277777777777777,0.008788495566420208,0.02174174174174174,0.010866488880065197
2026-02-03 23:27:29,0.07189814814814813,0.01817623487973492,0.09353174603174604,0.014210172847142958,0.1923888888888889,0.0280181268485023,0.014588122605363985,0.002901919477500242,0.17679824561403512,0.012292296461877766,0.009722222222222222,0.009099077418977333,0.024046546546546543,0.010950319302475135
2026-02-04 00:29:21,0.056296296296296316,0.018269741000189132,0.07595238095238097,0.014027876001542016,0.18255555555555553,0.02802556152453385,0.015536398467432952,0.0033761616420056356,0.274312865497076,0.01310925871541089,0.026944444444444444,0.008919219087779068,0.034466966966966966,0.011022261121940463
2026-02-04 01:31:17,0.08886574074074073,0.018199391467690305,0.08293650793650793,0.014046722238434806,0.16472222222222224,0.028253427629926713,0.025977011494252876,0.003728207574106312,0.27267543859649124,0.012960961276810195,0.018055555555555554,0.008709119670328268,0.0263063063063063,0.010907480910204388
2026-02-04 02:33:17,0.08842592592592591,0.018346305735934376,0.10083333333333336,0.014160440586415766,0.1955555555555555,0.027994157238719883,0.02437739463601533,0.0035125057853752487,0.28466374269005845,0.013070167261925567,0.010833333333333334,0.008927865933326775,0.025683183183183182,0.010922479139396448
2026-02-04 03:35:12,0.07171296296296295,0.018312979723066603,0.09674603174603176,0.014173278880173336,0.14866666666666664,0.02828590802135566,0.03802681992337165,0.003935814313769565,0.2926608187134503,0.013179546837460145,0.021944444444444437,0.008910563851303023,0.027124624624624623,0.01094650976686524
2026-02-04 04:37:08,0.09546296296296299,0.018301389117260994,0.09734126984126985,0.01412926903226927,0.21461111111111109,0.02827581307298292,0.04957854406130269,0.003998190310082888,0.30486842105263157,0.013197252702073685,0.017222222222222222,0.008871510790372952,0.023641141141141138,0.01087061422307499
2026-02-04 05:39:07,0.0777314814814815,0.01810179264933011,0.08301587301587303,0.014056920066773816,0.1996666666666666,0.028297362787735904,0.05995210727969349,0.004425546508475568,0.2767982456140351,0.013023788650972926,0.016944444444444443,0.008849740178929996,0.02802552552552553,0.010935073197095017
2026-02-04 06:41:02,0.06208333333333333,0.018200274723201296,0.08666666666666667,0.014042798024853986,0.16655555555555554,0.02835075716976119,0.05348659003831417,0.004092897418766431,0.3041812865497076,0.01330345091950849,0.01722222222222223,0.008810417515085392,0.025457957957957956,0.010818886185661548
2026-02-04 07:42:55,0.08895833333333333,0.01833806757055449,0.09662698412698414,0.014103500634903739,0.1864444444444444,0.028044827431792343,0.05431992337164751,0.004121078834725974,0.29516081871345023,0.013147307306391944,0.015277777777777777,0.008936504412303007,0.032199699699699706,0.010973718870062807
2026-02-04 08:44:50,0.08613425925925927,0.018497615517557686,0.11365079365079368,0.014214438594269721,0.19849999999999998,0.028097877868991115,0.06098659003831418,0.004339947305426444,0.30464912280701756,0.013228756555322952,0.012777777777777777,0.008660254037844387,0.020157657657657653,0.010900882804276875
2026-02-04 09:46:45,0.08168981481481483,0.018346831450684758,0.09369047619047621,0.01414330473344433,0.21699999999999997,0.028080571905118288,0.05578544061302682,0.0042927909908674665,0.2887865497076023,0.01307358466467424,0.009444444444444445,0.008862808963079899,0.02042792792792792,0.010918659890319286
2026-02-04 10:48:37,0.07703703703703706,0.018289439598386966,0.11015873015873018,0.014226840767940419,0.21849999999999997,0.027932623963413845,0.022749042145593867,0.00368261075417894,0.25434210526315787,0.012823304351957181,0.01972222222222223,0.008849740178929996,0.02913663663663664,0.010949176580964181
2026-02-04 23:11:15,0.08800925925925925,0.018210164258032565,0.0867063492063492,0.014058880339561767,0.19583333333333336,0.028061605508304468,0.016053639846743295,0.0027479238650892327,0.10035087719298243,0.011822614094547365,0.018333333333333333,0.00894944649643723,0.018303303303303306,0.010917418346692135
2026-02-05 00:13:12,0.09479166666666668,0.0182642849555703,0.08698412698412698,0.01406162426236541,0.17033333333333328,0.028129989269395327,0.015727969348659006,0.0032517146801348796,0.2122076023391813,0.012505521847294674,0.013888888888888888,0.00894944649643723,0.03292042042042041,0.01098568471247629
2026-02-05 01:15:19,0.08027777777777778,0.01823521724982042,0.09694444444444444,0.014165888556284256,0.1871666666666666,0.028219542742443447,0.017940613026819926,0.003368666502632753,0.2618421052631579,0.012963937585193803,0.010833333333333334,0.008753306253660406,0.030427927927927922,0.010939839887467736
2026-02-05 02:17:13,0.07039351851851851,0.018251254255338294,0.10424603174603177,0.0140282688897215,0.18383333333333327,0.02805500549515778,0.01971264367816092,0.003521206206120224,0.25324561403508766,0.012925035017918713,0.012777777777777777,0.009060836905722272,0.022650150150150143,0.010946890780083833
2026-02-05 03:19:07,0.07837962962962962,0.018156413461756116,0.08595238095238096,0.014060840339060975,0.17261111111111102,0.02825288142193598,0.019310344827586208,0.003789788210254847,0.265906432748538,0.012932259656806274,0.016944444444444443,0.00890190019942337,0.021013513513513514,0.010868695653659576
2026-02-05 04:21:02,0.06006944444444444,0.018117947755311514,0.10730158730158731,0.014297944500214599,0.13661111111111104,0.02823321089658178,0.019932950191570886,0.0036630511606957987,0.2792982456140351,0.013050422034158727,0.011944444444444445,0.008910563851303023,0.02095345345345345,0.01098245711871275
2026-02-05 05:22:57,0.07847222222222222,0.01826586913641511,0.09781746031746032,0.01423342502727487,0.1871666666666666,0.028137394388304024,0.033438697318007665,0.0037810021173617786,0.2769005847953216,0.012981155432444122,0.0125,0.008875858504816921,0.02165165165165165,0.01093135373567677
2026-02-05 06:24:51,0.09377314814814816,0.018394084249859968,0.09027777777777779,0.014012544770124528,0.1731666666666667,0.02818999691248521,0.03130268199233716,0.0038184646949591715,0.27378654970760236,0.013032205073233969,0.026111111111111113,0.008827915878928169,0.03135885885885886,0.010977328989865967
2026-02-05 07:26:46,0.07201388888888889,0.018298051066698504,0.09075396825396827,0.014051822077713043,0.21183333333333332,0.02829490858532418,0.03383141762452107,0.0038476190024585378,0.2692543859649123,0.012961901237500163,0.029722222222222223,0.008884547550955265,0.029406906906906907,0.01096687538403817
2026-02-05 08:28:41,0.09435185185185184,0.01843999555894718,0.10150793650793652,0.014126538248715296,0.15377777777777776,0.028156857814310685,0.04627394636015326,0.004111382925673007,0.28877192982456135,0.01307964059332986,0.017222222222222222,0.008862808963079899,0.02318318318318318,0.010890643052919606
2026-02-05 09:30:37,0.07296296296296295,0.018278185856077194,0.09234126984126986,0.014232650566625862,0.13444444444444445,0.028399161003082683,0.04993295019157088,0.004137831256779152,0.28236842105263155,0.01301770673962716,0.005555555555555555,0.008966673550871652,0.03471471471471471,0.010871093812523222
2026-02-05 10:32:32,0.08127314814814816,0.018299456635887425,0.09333333333333334,0.014130439206525468,0.1702777777777778,0.02824796507474826,0.029118773946360154,0.003956043062644175,0.28277777777777774,0.01314313662281192,0.014722222222222222,0.00894513454894701,0.032469969969969974,0.010991378154128826
2026-02-05 11:34:33,0.10050925925925924,0.018305253467973313,0.09083333333333334,0.013885317001015673,0.2028333333333333,0.028158776015066184,0.012854406130268201,0.0030094925737237537,0.15103801169590642,0.012155753603911702,0.0047222222222222145,0.00862901364833837,0.01939189189189189,0.010974098938599965
2026-02-06 00:59:21,0.09032407407407407,0.018336138954794908,0.10396825396825397,0.014222191220204307,0.16299999999999992,0.02805087969835976,0.007126436781609195,0.0023895347964007297,0.005087719298245613,0.011339394663959326,0.020277777777777777,0.009022434316062065,0.024857357357357356,0.011003324792526265
2026-02-06 02:01:16,0.08016203703703702,0.018172520010694575,0.08896825396825397,0.014074944278304968,0.1714444444444444,0.028020054546522986,0.014176245210727969,0.002868258193745034,0.14184210526315788,0.012063698169105097,0.014166666666666666,0.008936504412303007,0.027650150150150144,0.010904517037684818
2026-02-06 03:03:11,0.06835648148148149,0.018334210136160007,0.10182539682539686,0.014253932901995966,0.20272222222222216,0.028164803795508786,0.018026819923371646,0.003499984795928784,0.264546783625731,0.012964720710679152,0.0,0.008888888888888889,0.028821321321321317,0.011016394341054198
2026-02-06 04:05:11,0.08245370370370372,0.01831578846230445,0.08964285714285716,0.014084730371208021,0.17405555555555555,0.028256704656146502,0.021321839080459773,0.0037153393216516092,0.26138888888888884,0.012855250770975468,0.01972222222222222,0.008919219087779068,0.028243243243243236,0.010946414511488409
2026-02-06 05:07:05,0.08236111111111112,0.018442436302997592,0.09186507936507937,0.01412848886225502,0.18422222222222218,0.028362185745229748,0.022672413793103453,0.0038493474150170584,0.2783625730994152,0.013024879975476494,0.020555555555555556,0.008819171036881969,0.032635135135135135,0.01110106527847592
2026-02-06 06:09:01,0.07377314814814816,0.01827202853404545,0.08682539682539686,0.014041228032336938,0.18888888888888888,0.028126148810556702,0.02969348659003831,0.003935814313769565,0.29118421052631577,0.01320094484381064,0.019722222222222214,0.008867160944173537,0.02092342342342342,0.010933547417274618
2026-02-06 07:10:56,0.07060185185185185,0.018275019492426256,0.09095238095238097,0.014175611866205463,0.1802777777777778,0.02828072457904941,0.03386973180076628,0.003765135483714759,0.27557017543859647,0.013001318221764042,0.01861111111111111,0.009073601650589487,0.026493993993993988,0.010869654980697382
2026-02-06 08:12:53,0.08847222222222223,0.0183122774709439,0.1046825396825397,0.014051429848097811,0.2255555555555555,0.028142604229877275,0.04475095785440613,0.004049764931239485,0.3078654970760234,0.013311385444653774,0.014166666666666666,0.008806037491192978,0.034279279279279276,0.010954413075674076
2026-02-06 09:14:50,0.08384259259259261,0.018296821105083808,0.10071428571428573,0.014068677606454569,0.16822222222222222,0.02803051687970113,0.03975095785440613,0.0038744944327496794,0.2871345029239766,0.013167524091804507,0.017777777777777778,0.008975274678557507,0.01716216216216216,0.010854007377130784
2026-02-06 10:16:44,0.09766203703703705,0.028644689932287144,0.0875793650793651,0.02095730311351838,0.20072222222222222,0.042039627102456324,0.03801724137931035,0.007706467017172027,0.29361111111111104,0.022221948097724462,0.0022222222222222227,0.013922182317935187,0.02024024024024024,0.01453769851150259
2026-02-17 10:07:30,0.07314814814814816,0.01834840850455989,0.07095238095238096,0.01404436784186463,0.15444444444444433,0.02808771534116685,0.07130268199233716,0.004589352253655315,0.30843567251461984,0.013311232902234032,0.012222222222222221,0.008914892519934008,0.0293018018018018,0.010954127513236411
2026-02-17 11:09:25,0.05958333333333333,0.018121673811444545,0.10611111111111111,0.014081208161248924,0.1810555555555555,0.028238676305842893,0.06697318007662835,0.0045009577524850386,0.2967251461988304,0.013265237906353235,0.0275,0.008893228107545623,0.030345345345345342,0.010990144825400769
2026-02-17 12:11:23,0.06055555555555556,0.01805448714787655,0.09154761904761909,0.014153432972356855,0.16116666666666662,0.02790277432111034,0.06962643678160918,0.004555894296349091,0.3118859649122807,0.013298413092291479,0.014722222222222222,0.009005313931915183,0.028310810810810813,0.010924388263220612
2026-02-17 13:13:20,0.06127314814814816,0.01817676551333457,0.09003968253968253,0.01402591139556323,0.16061111111111107,0.027982854097764763,0.06378352490421456,0.004392355195504323,0.3071198830409357,0.01326692159383623,0.014444444444444444,0.008897565210026093,0.022920420420420414,0.010964593272847484
2026-02-17 14:15:16,0.0625,0.018247907033715156,0.09424603174603177,0.014017263858079415,0.1675555555555555,0.02813273213329894,0.06477011494252873,0.004396290862802626,0.2939912280701754,0.013100891794910844,0.0033333333333333322,0.008862808963079899,0.030833333333333334,0.010913501783930515
2026-02-17 15:17:13,0.0927314814814815,0.018216518981024016,0.0942857142857143,0.01412107509734163,0.20927777777777767,0.02813794283810552,0.0614367816091954,0.0042896908308683425,0.3098391812865497,0.01326171677814881,0.015833333333333335,0.009099077418977333,0.03335585585585586,0.011008251371808858
2026-02-17 16:19:12,0.04712962962962962,0.018170219949249795,0.10158730158730161,0.014071027935459933,0.17194444444444446,0.028009312825170697,0.07126436781609194,0.004657261092689906,0.28498538011695906,0.013113904697924674,0.0211111111111111,0.008897565210026093,0.020630630630630628,0.010852278037595238
2026-02-17 17:21:10,0.08724537037037035,0.018359444088610045,0.09813492063492064,0.014099592223955777,0.18061111111111106,0.028279087505141617,0.07100574712643677,0.004615079306250326,0.2953801169590643,0.013115607812491884,0.024166666666666666,0.008875858504816921,0.018115615615615616,0.010848914643822623
2026-02-17 18:23:06,0.06875,0.018072641488459024,0.08821428571428572,0.014032982689884684,0.15438888888888883,0.02820586796491682,0.06628352490421456,0.004470707841932669,0.3042836257309941,0.01326171677814881,0.006944444444444444,0.009013878188659974,0.02077327327327327,0.010900117548107569
2026-02-17 19:25:19,0.06048611111111111,0.03360565841904868,0.10194444444444446,0.02413791392993373,0.21850000000000003,0.04896758186876369,0.08156130268199233,0.011834340611528117,0.32302631578947366,0.027547952757049177,0.03333333333333333,0.01617802197617893,0.027402402402402406,0.017340964286212835
2026-02-18 12:19:55,0.07210648148148147,0.018288912233907967,0.07484126984126985,0.013950656303109111,0.18449999999999997,0.028117643070710102,0.07017241379310345,0.004589931973515349,0.3139035087719298,0.013346880301223154,0.009722222222222222,0.009005313931915183,0.02385135135135135,0.010896290461091755
2026-02-18 13:22:51,0.07006944444444445,0.018224106440524197,0.09313492063492065,0.013984196799998686,0.186111111111111,0.02824386746503949,0.06434865900383141,0.004392052305789416,0.3196637426900585,0.01337939776673038,0.0002777777777777761,0.008726821151336116,0.02792792792792792,0.010908054469931183
2026-02-18 14:25:00,0.07733796296296298,0.01818560712718611,0.09845238095238096,0.014008610982458194,0.19399999999999998,0.02794670854534606,0.06630268199233716,0.004435455469198426,0.30314327485380116,0.013203713272581142,0.020555555555555556,0.008669159185737354,0.02594594594594594,0.010848241839933527
2026-02-18 15:27:11,0.06351851851851852,0.018087222941757974,0.09642857142857146,0.014110923633300283,0.20783333333333331,0.028068203969511017,0.06516283524904214,0.004453713992495212,0.296578947368421,0.013149932613716662,0.02388888888888888,0.00894944649643723,0.029406906906906907,0.01096687538403817
2026-02-18 16:29:22,0.07252314814814816,0.018306834103610576,0.08853174603174604,0.013985773194637894,0.2014444444444444,0.02803657223549358,0.06725095785440613,0.004509521170089163,0.32364035087719295,0.013441779978591098,0.0075,0.008717974903597343,0.026141141141141137,0.010902508795289492
2026-02-18 17:31:34,0.07564814814814816,0.018130542291558964,0.07722222222222223,0.014037302282817332,0.20794444444444443,0.027913280612781817,0.07364942528735632,0.00468545524438864,0.289546783625731,0.01311266593020927,0.013333333333333341,0.00875771265024136,0.02198198198198198,0.01094126948963014
2026-02-18 18:33:46,0.06736111111111111,0.01824050573264667,0.08202380952380953,0.014006250179534519,0.22022222222222215,0.028119563946533914,0.06491379310344828,0.004391749395184843,0.2982163742690058,0.013179546837460147,0.014444444444444444,0.008810417515085392,0.020405405405405405,0.01096126434233977
2026-02-18 19:35:56,0.0763425925925926,0.01841661778665096,0.09075396825396828,0.013985773194637894,0.19744444444444437,0.028039874605661746,0.06949233716475095,0.004543027816932622,0.28197368421052627,0.013004129148804177,0.013333333333333341,0.008748897637790902,0.027282282282282286,0.010965639299431897
2026-02-18 20:38:08,0.08847222222222223,0.0183122774709439,0.09952380952380954,0.014135118934822844,0.17527777777777778,0.028157679916349727,0.06266283524904215,0.004375057014771715,0.30532163742690055,0.013303145650955127,0.01972222222222222,0.008996741522612027,0.027049549549549544,0.01087675137102314
2026-02-18 21:40:25,0.07,0.018304902197073997,0.0871825396825397,0.014119904147043389,0.17944444444444446,0.028178224672236046,0.07213601532567049,0.004614502745650131,0.2986842105263158,0.013162897034831566,0.015277777777777777,0.008919219087779068,0.030015015015015016,0.010874354459840436
2026-02-18 22:42:35,0.05858796296296298,0.018264989052908864,0.09071428571428573,0.014013724691095264,0.20544444444444437,0.028033269476300193,0.07907088122605364,0.0048352486626470036,0.29761695906432745,0.01313309065587528,0.01861111111111111,0.008700255424092125,0.022184684684684687,0.010875025648223373
2026-02-18 23:44:46,0.08590277777777779,0.018226223307349843,0.0925793650793651,0.013912281886936712,0.18766666666666665,0.028290817774860633,0.06406130268199234,0.004401129929609097,0.28561403508771926,0.013030491057745211,0.017222222222222222,0.008854098583616238,0.02084084084084084,0.0108779975561144
2026-02-19 00:46:57,0.06298611111111112,0.018332807231508607,0.08765873015873017,0.013872609506961113,0.186,0.02826626047926187,0.06756704980842912,0.0044480349481492865,0.3066228070175438,0.01323719605219461,0.021111111111111112,0.00875771265024136,0.03281531531531531,0.010972958693495379
2026-02-19 01:49:08,0.07905092592592594,0.018282582673629758,0.09031746031746032,0.014072594603386121,0.1778888888888888,0.028032168470095254,0.0614176245210728,0.0043261311599525005,0.31070175438596487,0.013258501018318833,0.019166666666666665,0.008788495566420208,0.031208708708708708,0.010944032857613407
2026-02-19 02:51:22,0.07025462962962965,0.018264989052908864,0.08698412698412701,0.014149148833000969,0.1746666666666666,0.02828918128503859,0.07099616858237548,0.004632055558531008,0.29122807017543856,0.013065350313612488,0.013888888888888888,0.008862808963079899,0.02619369369369369,0.011014501164490802
2026-02-19 03:53:39,0.0758564814814815,0.018243501859081347,0.0878968253968254,0.01403612434385361,0.1646666666666666,0.028125051440282173,0.07423371647509577,0.004651544555500816,0.30864035087719294,0.013285886584123238,0.014444444444444437,0.008801655287641588,0.032229729729729734,0.01091694079231584
2026-02-19 04:55:51,0.06893518518518518,0.018203100852833734,0.09690476190476192,0.014128098761092188,0.17327777777777773,0.028134651978926426,0.07212643678160918,0.004631481111259186,0.31261695906432746,0.013348705806880624,0.005277777777777777,0.008735658440842438,0.031238738738738735,0.010887099963363933
2026-02-19 05:58:05,0.07495370370370372,0.018406140503387795,0.09658730158730161,0.014131219268863227,0.1674444444444444,0.028171651980468625,0.06351532567049809,0.004365620457083809,0.29475146198830404,0.01319848353074591,0.015555555555555555,0.008766518798921945,0.029692192192192195,0.011061356318445023
2026-02-19 07:00:17,0.07215277777777777,0.018136038571356435,0.08726190476190476,0.01419542676686666,0.19433333333333333,0.028159598061104546,0.06739463601532567,0.004505093848437223,0.2982894736842105,0.013149469362275488,0.009444444444444445,0.008862808963079899,0.0237012012012012,0.010862745935040977
2026-02-19 08:02:25,0.07912037037037038,0.01837887161418512,0.09043650793650795,0.013900392061769318,0.19527777777777766,0.02809183572798156,0.06297892720306514,0.004311653696550581,0.30141812865497075,0.013151631062728928,0.013333333333333332,0.008862808963079899,0.02501501501501502,0.011022355721849677
2026-02-19 09:04:36,0.060625,0.018300159379998123,0.07543650793650797,0.013994440191055264,0.18877777777777777,0.02800022045768591,0.06743295019157088,0.004434855556371012,0.3059795321637427,0.013267227695876897,0.013333333333333332,0.008871510790372952,0.029256756756756756,0.010827171574837893
2026-02-19 10:06:48,0.06194444444444444,0.018184369560045138,0.0813888888888889,0.01392416155940009,0.21666666666666667,0.028164529833475668,0.076867816091954,0.004737972381761666,0.28355263157894733,0.012999131524946542,0.015555555555555555,0.008740073734751263,0.028145645645645645,0.01091942384700236
2026-02-19 11:08:58,0.08985339506172839,0.019824889990763175,0.09387566137566139,0.01498958584202584,0.16301851851851848,0.030069050620407357,0.06584610472541506,0.005056121581906368,0.3024025341130604,0.014501888200819555,0.017777777777777778,0.00960823834894285,0.02694694694694695,0.011510989238272007
2026-02-23 10:23:54,0.08599537037037039,0.018276250921253668,0.08115079365079368,0.013959739919652464,0.17944444444444446,0.028194649698212927,0.06378352490421456,0.004392355195504323,0.30839181286549705,0.013271053375667098,0.013333333333333326,0.008784104611578832,0.019647147147147142,0.010914457172730827
2026-02-23 11:26:52,0.07606481481481482,0.01826727718183145,0.09722222222222224,0.014037302282817332,0.1882777777777777,0.02802748871120618,0.061388888888888896,0.004380223270122884,0.3058771929824561,0.013250841306182691,0.01138888888888889,0.008849740178929996,0.02501501501501502,0.010916845278933723
2026-02-23 12:30:42,0.07347222222222223,0.01831649057981615,0.09095238095238097,0.014131999288142868,0.1582777777777777,0.027828564683534777,0.027078544061302685,0.0034713600462146694,0.2617836257309941,0.012928804898418281,0.01138888888888889,0.008996741522612027,0.02632132132132132,0.010984830441712176
2026-02-23 18:49:25,0.0740740740740741,0.018227458032798995,0.10011904761904764,0.014156547895744744,0.18316666666666664,0.02794256675821026,0.015708812260536397,0.003299638124049472,0.252719298245614,0.012906798406042337,0.01638888888888889,0.008953756367381221,0.027650150150150144,0.010904517037684818
2026-02-23 19:52:32,0.07361111111111111,0.018154642639906633,0.09273809523809526,0.013999165382025388,0.1553333333333333,0.028318623632592816,0.02272030651340996,0.0037460068139030965,0.28383040935672516,0.013061308922662742,0.01861111111111112,0.00883228505310258,0.022507507507507508,0.010899256570692966
2026-02-23 20:56:31,0.08259259259259258,0.01830209178717035,0.08285714285714287,0.014080425328272016,0.1993888888888889,0.02798340557641834,0.036187739463601536,0.003941893838344699,0.2978508771929824,0.013212629819405347,0.011944444444444445,0.008858454843945542,0.02662162162162162,0.01083958778413629
2026-02-23 22:00:27,0.07159722222222223,0.018220930679161668,0.09055555555555556,0.014168611755669375,0.18305555555555558,0.027998291394077144,0.04166666666666667,0.004002845943727092,0.29473684210526313,0.01320448217756561,0.01611111111111111,0.008871510790372952,0.030450450450450448,0.0108971516728569
2026-02-23 23:04:08,0.06277777777777778,0.01813125158257469,0.07662698412698414,0.013949471047477362,0.17488888888888887,0.02799746461184223,0.030067049808429117,0.003741387157582117,0.2781286549707602,0.013003660703160128,0.011666666666666665,0.008775316110517397,0.030803303303303307,0.010970297660688038
2026-02-24 00:07:49,0.07974116161616164,0.01847810721172345,0.0848665223665224,0.014433785131437867,0.19771212121212123,0.02846840945153657,0.024910309996516892,0.003794018592992267,0.28103269537480063,0.013524147179606226,0.016363636363636365,0.009097079836119959,0.031124761124761126,0.011138216757844184
2026-02-24 01:10:50,0.06620370370370371,0.01823662766186134,0.08083333333333334,0.013940776093720108,0.20083333333333328,0.02787123168350397,0.0250095785440613,0.003681165459478778,0.26864035087719296,0.012980373298490347,0.009166666666666667,0.008893228107545623,0.028596096096096094,0.010913692868381385
2026-02-24 02:14:04,0.08238425925925927,0.01833736627920196,0.09785714285714288,0.013898409435343725,0.18049999999999994,0.028038498665360227,0.028591954022988506,0.003876210861502085,0.2717543859649123,0.01298866152207966,0.016666666666666673,0.008810417515085392,0.024451951951951954,0.01092400646514748
2026-02-24 03:17:19,0.09004629629629632,0.01821581301016782,0.08039682539682541,0.01385074126210219,0.1639444444444444,0.028048954118834696,0.022940613026819923,0.003568865771481028,0.24994152046783624,0.012816810456560641,0.01999999999999999,0.008880204090636546,0.021509009009009004,0.010883651525899011
2026-02-24 04:20:35,0.09032407407407407,0.018247554658879818,0.09531746031746031,0.014078076568157545,0.21011111111111108,0.027811091135075173,0.02265325670498084,0.0035800312980977874,0.2705847953216374,0.012941677037710687,0.018055555555555554,0.008996741522612027,0.028483483483483476,0.011020652799242647
2026-02-24 05:23:46,0.0764814814814815,0.018226046911171672,0.07960317460317462,0.01412341670669316,0.17266666666666666,0.028101996765749978,0.017777777777777778,0.0034207876278558196,0.24530701754385964,0.01278873798946647,0.0225,0.009030982337227144,0.03024774774774775,0.01096326182194164
2026-02-24 06:26:52,0.08581018518518518,0.01814631746246493,0.08623015873015874,0.014019622806379528,0.2070555555555556,0.028110507239890753,0.015814176245210726,0.00302668351698068,0.20897660818713448,0.012547505570287158,0.02277777777777778,0.008827915878928169,0.02569069069069069,0.011013838475813264
2026-02-24 07:30:16,0.049027777777777774,0.018189672826383223,0.07821428571428575,0.013955791247630593,0.16011111111111115,0.027877598422876394,0.014703065134099616,0.0029752598435521384,0.2195175438596491,0.01254766739736951,0.0033333333333333322,0.008914892519934008,0.022995495495495493,0.010821969862199998
2026-02-24 08:33:28,0.07511574074074073,0.018049322285876107,0.07753968253968255,0.013945914676176776,0.1834444444444444,0.0277944394474422,0.01885057471264368,0.0032130269112998935,0.1776169590643275,0.012245293217310386,0.009444444444444445,0.008827915878928169,0.0337012012012012,0.010989860191423138
2026-02-24 09:37:02,0.07261574074074076,0.01814950627949147,0.0983730158730159,0.01413004915920757,0.18205555555555558,0.027986714220134993,0.01931992337164751,0.003094492422776147,0.13814327485380118,0.012061509834725393,0.012222222222222221,0.008819171036881969,0.02499249249249249,0.010959456785186011
2026-02-28 20:31:30,0.1532638888888889,0.019032846040334107,0.19492063492063494,0.015270200140983058,0.16416666666666668,0.028217902119044923,0.007854406130268199,0.002313728991821368,0.0,0.011455553003102364,0.025277777777777777,0.009099077418977333,0.033888888888888885,0.01105749073862457
2026-02-28 21:34:49,0.15081018518518516,0.01926421099092513,0.2075,0.015312370648771586,0.1628888888888888,0.028352390105445397,0.016839080459770117,0.002927025029188939,0.08868421052631577,0.011750603097900655,0.010555555555555554,0.009254628471643156,0.024534534534534535,0.011084239277476843
2026-02-28 22:38:51,0.17564814814814816,0.01905192439217801,0.1882142857142857,0.015113109695098645,0.16794444444444442,0.028226651008585728,0.008199233716475096,0.002578070071947344,0.02431286549707601,0.011544367334505435,0.020277777777777777,0.009158245289908076,0.028738738738738737,0.011066351286556203
2026-02-28 23:42:48,0.12770833333333334,0.01904500436749818,0.14873015873015874,0.014897504022563403,0.2142222222222222,0.028165625665619476,0.020047892720306514,0.003396198385521471,0.23730994152046786,0.012797150328499485,0.018055555555555554,0.008988160937424132,0.034279279279279276,0.011163726772996945
2026-03-01 00:47:05,0.13023148148148145,0.018789909515175354,0.14194444444444446,0.014621548568454797,0.1899999999999999,0.028361097507886606,0.017614942528735633,0.0034721264354603937,0.24991228070175436,0.012889166159550393,0.01138888888888889,0.008858454843945542,0.026343843843843844,0.010942317745842712
2026-03-01 01:50:53,0.12611111111111112,0.018840829383332675,0.16789682539682543,0.014889732859282979,0.22477777777777774,0.0282504233552895,0.015296934865900383,0.0032700734184068353,0.23983918128654969,0.012811898252878269,0.017222222222222222,0.009043789220055392,0.024999999999999998,0.010945271382304734
2026-03-01 02:54:25,0.16370370370370368,0.01890760238590655,0.15960317460317464,0.014806214434846355,0.19766666666666666,0.02838883452919344,0.02502873563218391,0.003638270983775613,0.28175438596491226,0.01309515581858156,0.02361111111111111,0.008849740178929996,0.02483483483483483,0.011045602684869909
2026-03-01 03:58:50,0.11314814814814816,0.01859071574561228,0.1327777777777778,0.014661073969770766,0.1625,0.02820969757081839,0.03735632183908046,0.0038607355312246464,0.2913011695906432,0.013211400308659924,0.017222222222222222,0.009001028747788695,0.017109609609609614,0.011058905131885769
2026-03-01 05:02:59,0.10706018518518522,0.01867336878139803,0.1436904761904762,0.014562627023312305,0.16488888888888886,0.02814589415926755,0.04488505747126437,0.0040641932892493855,0.3032602339181287,0.013272430350444769,0.003888888888888888,0.008845379626717033,0.0274099099099099,0.01104116497434294
2026-03-01 06:07:11,0.10300925925925927,0.01844173898051684,0.1407936507936508,0.014489398910100242,0.25511111111111107,0.02819957534046774,0.050919540229885055,0.004142008775517814,0.3069444444444444,0.013280383409215883,0.004444444444444444,0.008932186217118627,0.03181681681681681,0.011062581708054442
2026-03-01 07:11:33,0.10974537037037038,0.018411903746991438,0.1200793650793651,0.014400115127895645,0.19438888888888883,0.02820586796491682,0.048678160919540234,0.0041052303387904224,0.29950292397660816,0.013177697898242163,0.011666666666666665,0.008775316110517397,0.028393393393393397,0.010979703421338569
2026-03-01 08:15:28,0.07453703703703701,0.01832947490261959,0.124484126984127,0.014211724176061024,0.19344444444444436,0.028010139257678954,0.04109195402298851,0.0037239230974094144,0.291593567251462,0.013149778198382917,0.013888888888888888,0.00868694209506216,0.01741741741741741,0.010900404525466879
2026-03-01 09:19:07,0.08152777777777778,0.018377472118914547,0.09654761904761906,0.014224128716462897,0.19349999999999998,0.028188354569455332,0.051072796934865904,0.004118172458976571,0.29621345029239765,0.01318308991280583,0.021111111111111112,0.008958064164776167,0.026771771771771764,0.010979133604617506
2026-03-01 10:23:03,0.09043981481481479,0.018250901945128618,0.10257936507936509,0.014273639076520484,0.18916666666666668,0.027995535358338836,0.04007662835249042,0.0040766130483969355,0.2854970760233918,0.01307901960149125,0.009444444444444445,0.008983867571553462,0.02489489489489489,0.010932498320124249
2026-03-01 11:26:58,0.055324074074074095,0.018217930840664268,0.09805555555555556,0.014241941314870867,0.2086666666666666,0.027890327541468033,0.01832375478927203,0.003465990576571693,0.2691374269005848,0.012951244355056369,0.010833333333333334,0.008858454843945542,0.031764264264264264,0.01105626478477207
2026-03-01 12:29:43,0.07368055555555555,0.018132847385917843,0.09595238095238098,0.014137458218071764,0.2171111111111111,0.028140410729933965,0.021091954022988506,0.0035974542817794643,0.2610233918128655,0.012889166159550393,0.014722222222222215,0.008797270901173954,0.027987987987987982,0.011005883099330534
2026-03-01 13:33:08,0.09173611111111112,0.018388490260869,0.09599206349206353,0.014196979707114919,0.17822222222222223,0.028013995620355264,0.024319923371647508,0.003644116773420233,0.2790204678362573,0.01298819251856413,0.013055555555555556,0.008884547550955265,0.02397147147147147,0.010986444008502112
2026-03-01 14:36:44,0.09495370370370372,0.018233454081347984,0.08948412698412699,0.014151875253557029,0.2201111111111111,0.027827732858595983,0.017021072796934867,0.003539670574152438,0.2168421052631579,0.012656749477746256,0.026944444444444444,0.009141379262169074,0.03286036036036036,0.010993465010614547
2026-03-01 17:45:57,0.1033564814814815,0.018186314270598403,0.08503968253968255,0.014020409034280567,0.21399999999999997,0.027880366116943566,0.011494252873563218,0.002863616245090912,0.12891812865497077,0.012110064872455256,0.01111111111111111,0.008775316110517397,0.02690690690690691,0.01093516855126513
2026-03-01 18:49:26,0.07319444444444445,0.01840264675005765,0.09916666666666667,0.014165888556284256,0.19822222222222222,0.028195197034290593,0.028256704980842914,0.0036844165752820154,0.2769444444444444,0.013081348168882654,0.025833333333333333,0.008919219087779068,0.020030030030030028,0.010930781398508616
2026-03-01 19:52:29,0.06761574074074073,0.018259707661085724,0.10400793650793652,0.014172890011831672,0.18949999999999995,0.027944223546730183,0.041216475095785444,0.004056657594455656,0.2944298245614035,0.01315502730289189,0.015833333333333335,0.008753306253660406,0.03104354354354354,0.011044375411413189
2026-03-01 20:56:27,0.07141203703703702,0.018150214829414816,0.10091269841269841,0.014126928392970138,0.2235555555555555,0.028086616469260906,0.03437739463601533,0.003887862480859164,0.2792397660818713,0.013015522796192999,0.015,0.008914892519934008,0.02506756756756756,0.010923242828966463
2026-03-01 22:00:12,0.06810185185185184,0.01819674144392217,0.09916666666666667,0.014100373992813574,0.19494444444444436,0.027977890300718032,0.049118773946360154,0.004071388293865009,0.2968713450292398,0.013205404804449681,0.009166666666666667,0.008962369891612044,0.027454954954954956,0.010956411804340552
2026-03-01 23:03:58,0.06847222222222223,0.018396356321998274,0.09742063492063494,0.014007824092358854,0.1928888888888888,0.028023909544759088,0.038908045977011495,0.0038648683447518356,0.29739766081871344,0.013164748052775163,0.0022222222222222227,0.008836652066992703,0.023250750750750743,0.010868503778090817
2026-03-02 00:07:40,0.08458333333333334,0.01822357718539636,0.09289682539682541,0.014019622806379528,0.1953888888888888,0.028069303562239228,0.05025862068965517,0.004051407105156876,0.2917690058479532,0.013136182540901608,0.01138888888888889,0.008936504412303007,0.026178678678678673,0.010831023084688772
2026-03-02 01:11:27,0.09368055555555554,0.018729838155000678,0.07421717171717174,0.014174246184066637,0.21353030303030296,0.028606452499027636,0.04735545106234761,0.004249863379505639,0.27098484848484844,0.013295285727206152,0.009696969696969688,0.009107168400433234,0.016562926562926558,0.011097142088866932
2026-03-02 02:15:23,0.08652777777777779,0.018385867492636567,0.09813492063492064,0.014099592223955777,0.18405555555555553,0.028191091754683564,0.047749042145593876,0.003984524661940141,0.29366959064327486,0.013174769880476424,0.01138888888888889,0.008996741522612027,0.01783783783783784,0.010951557116224916
2026-03-02 03:18:36,0.08699074074074073,0.01848701023219014,0.10833333333333334,0.01412497756393467,0.20150000000000004,0.02808304483861049,0.050632183908045976,0.00415163316021267,0.29111111111111104,0.01317245782776212,0.01861111111111111,0.008673608331108886,0.03304804804804805,0.011061073516948858
2026-03-02 04:21:40,0.09196759259259261,0.01833631429188264,0.10011904761904764,0.01428676142546724,0.1546666666666666,0.028042626283729007,0.053946360153256705,0.00429836564423961,0.2926900584795321,0.013167524091804507,0.010833333333333334,0.009065093817822622,0.026569069069069067,0.010833140831430511
2026-03-02 05:24:45,0.07745370370370372,0.01836627231769519,0.11091269841269843,0.014181442652165152,0.18188888888888882,0.028259162176426607,0.0574808429118774,0.0042918611779997964,0.2827046783625731,0.013055555555555556,0.019444444444444445,0.008784104611578832,0.02406906906906907,0.010907672100131051
2026-03-02 06:28:03,0.06525462962962962,0.018345079009595807,0.0950793650793651,0.014113266926936867,0.2130555555555555,0.027932071482150236,0.05027777777777778,0.0040124725722476395,0.2923391812865497,0.013194636809924287,0.004722222222222221,0.009090593428863095,0.02577327327327327,0.010963642252985612
2026-03-02 07:31:21,0.10703703703703706,0.018369422951973136,0.1125,0.014252772866762959,0.21016666666666667,0.028040149785619906,0.04969348659003832,0.004051735460071316,0.2993859649122807,0.013167215671925752,0.022222222222222223,0.009035253315161442,0.030397897897897895,0.010996499731263263
2026-03-02 08:34:17,0.0782175925925926,0.01821704844121201,0.10765873015873018,0.014137068364411174,0.16555555555555557,0.028076724686754373,0.040306513409961685,0.003894358496217648,0.29624269005847953,0.013171070401321573,0.009999999999999998,0.008836652066992703,0.02172672672672673,0.010895046368359432
2026-03-02 09:37:44,0.07592592592592591,0.018251430407892868,0.10599206349206351,0.014186105555399063,0.19444444444444445,0.028104193263859142,0.044454022988505745,0.004078896774024322,0.28527777777777774,0.013051822285690911,0.019444444444444445,0.008914892519934008,0.022980480480480476,0.010956792473224147
2026-03-02 10:41:19,0.07791666666666668,0.018232043423802156,0.10126984126984127,0.014096073727553636,0.18705555555555559,0.028110507239890753,0.03768199233716476,0.004063538566202164,0.2790497076023392,0.013035320887622017,0.009166666666666667,0.008770918557692747,0.02698948948948949,0.010884609534784642
2026-03-02 11:44:17,0.06949074074074073,0.018266573172690356,0.09841269841269841,0.014167833752113033,0.1835,0.027907751478623146,0.027231800766283523,0.0037640753301012566,0.2667690058479532,0.012869143223363542,0.004444444444444444,0.009001028747788695,0.02182432432432432,0.010922097274587067
2026-03-02 12:47:21,0.07905092592592591,0.018253015704385037,0.08936507936507938,0.014081990950707307,0.19316666666666657,0.027809703875259616,0.01778735632183908,0.0033977648977752167,0.25998538011695904,0.012786197327793089,0.020000000000000007,0.008862808963079899,0.030863363363363358,0.010856408780605658
2026-03-02 13:50:34,0.09659722222222222,0.018439821207724316,0.09107142857142858,0.01402669727097472,0.19216666666666665,0.027897796275638636,0.021283524904214562,0.003480927784017918,0.23166666666666663,0.012713415322988109,0.017499999999999998,0.008788495566420208,0.02776276276276276,0.01100872496516704
